Name,Age,City,Email
David Oconnor,62,Dickersonhaven,johnny19@example.net
Diane Graves,46,North Dylanton,andrea66@example.org
Shannon Mclean,31,Floresville,charlesholmes@example.org
Sarah Garcia,23,East Jay,gsimon@example.org
Denise Yang,27,Wesleymouth,david25@example.net
Karen Cooper,32,Port John,michellehoffman@example.com
Cindy Castillo,62,Jamesfort,daniel56@example.com
Lindsay Pitts,65,South Brandonfort,charles56@example.net
Bruce Cooper,49,Port David,stonebelinda@example.com
Mary Moore,62,North Joyport,gordon22@example.com
Paul Nash,38,Smithchester,lopezjennifer@example.com
Christina Hill,65,Baileytown,gonzalesjorge@example.com
Patricia Nelson,46,Kennethborough,jacob60@example.net
Andrea Ortiz,53,New Sabrina,alicia64@example.net
Donna Wilkinson,34,New Joelchester,ferrelllinda@example.org
Janet Williams,56,Jennafurt,smithdonald@example.com
Linda Beard,60,Kathleenport,dale58@example.org
Laura Foster,61,Kyleton,james59@example.net
Matthew Nielsen,41,South Tina,powersvictoria@example.org
Heather Gibson DDS,38,Roblesshire,jessicajoseph@example.com
Jaime Gallegos,64,New Jacqueline,john71@example.org
Anne Bailey,60,Port Nathanielfurt,ortizlauren@example.com
Phillip Nolan,64,New David,ygarcia@example.net
Misty Phillips,59,New Ronaldfurt,alvarezryan@example.net
Matthew Price,26,East John,yestrada@example.org
Chase Williams,32,Palmermouth,asmith@example.org
Vanessa Moody,55,Benjaminstad,johnsonstephen@example.org
Jeffrey Peterson,53,Lake Jennifermouth,bcallahan@example.net
Cynthia Lynch,53,Port Ashleyhaven,umccoy@example.org
Mark Lawrence,40,Lake Candice,cchavez@example.org
Christine Nguyen,37,Deborahborough,joshua08@example.net
Danielle Marshall,32,East Marc,ujenkins@example.net
Lauren Jones,58,East Andrea,ptaylor@example.com
Brandon Jimenez,58,South April,michaelsmith@example.org
Evan Quinn,20,Jasonport,angela91@example.net
Todd Williams,24,East John,ejohnson@example.com
Jacqueline Stephens,50,East Brianberg,roger53@example.net
Patricia Mcintyre,42,Robinsonborough,jennifer18@example.org
Christian White,42,Manningmouth,kristinelee@example.org
Reginald Henson,32,Horntown,russell65@example.net
Robert Little,44,Jackieborough,austin13@example.org
Jamie Willis,56,Port Arthur,zavalacarrie@example.net
Rachel Phillips,37,Jonathanville,dickersonamanda@example.net
James Boyer,61,Port Julie,oingram@example.net
Ruth Miller,62,Port John,pricedaniel@example.org
Karen Ward,53,Washingtontown,ruth38@example.com
Michele Roth,51,Gonzalezfort,ljacobs@example.net
Joseph Taylor,27,Bakerburgh,brucefrank@example.com
Meagan Barajas,20,Dominguezland,gbarnett@example.net
Charles Thomas,32,East Christopherton,amanda98@example.com
Caleb Chase,47,South Catherine,matthew30@example.net
Jonathan Miller,57,New Ashleybury,maria79@example.com
Kimberly Snow,39,East Jerry,marybowers@example.org
Brandi Estrada,27,Alexisport,kathrynhernandez@example.com
Javier Miller,33,Walshhaven,gregorydunn@example.net
Jessica Brooks,60,Dixonmouth,glennwilliams@example.net
Victoria Sanchez,27,Lake Erica,angelabooth@example.org
Donald Flores,56,Fullerborough,josephgregory@example.org
Curtis Hutchinson,37,Bruceton,sullivandana@example.org
Kimberly Reyes,48,Kaylaport,sydney32@example.org
Kimberly Villa,25,East Tamaraport,luis40@example.net
Ronald Shaw,22,East Robert,zgonzales@example.net
Christine Newton,48,Kellychester,efrank@example.com
Randy Leblanc,22,Hortonton,fred60@example.net
Brittany Joseph,52,New Emilychester,lonnieolson@example.org
Julie Arroyo,64,Dunnborough,llopez@example.com
Scott Herrera,59,East Nathan,xsantos@example.org
Jenna Daniels,65,Michaelburgh,brandonprice@example.net
Stephanie Joseph,37,Kleinland,moralespatrick@example.org
Melissa Banks,44,Stephenland,wlopez@example.org
Julie Graham,57,New Donaldview,patriciawright@example.net
Erika Morris,62,South Gerald,gregory90@example.com
Jenna Howard,24,East Angela,riveralisa@example.org
Casey Pollard,64,Lake Anthonyfort,norrisgary@example.net
Gary Miller,28,South Eric,ashleyhughes@example.net
Alexander Johnson,52,West Cameron,martinezalex@example.com
Michelle Tran,21,Gardnerview,loretta28@example.net
Julie Palmer,62,Millerport,richardsonjessica@example.org
Andrea Harrington,30,South Tamarabury,cbutler@example.net
Susan Jackson,44,Carloshaven,ehenry@example.org
Keith Wilson,25,Thomaschester,tjohnson@example.net
Robert Pratt,34,West Johnchester,cookelijah@example.net
Barbara Torres,64,North Levi,kelly43@example.com
Scott Colon,23,Port Rachael,morrisryan@example.org
Bobby Murray,20,Lake Emmabury,wilsonfred@example.com
Emily Bartlett,60,Garrettville,omartinez@example.com
Henry Mitchell,51,South Madisonbury,daniellebailey@example.net
Ronald Garcia,42,Hickmanhaven,xgarcia@example.com
Pamela Jones,59,Andersonburgh,richardmaldonado@example.com
Jodi Ramirez,62,Johnsonchester,lisa57@example.net
Philip Brown,56,Hubbardton,susan03@example.net
Tyler Liu,39,Daniellemouth,westdevin@example.net
Elizabeth Sanders,44,Vincentland,marie65@example.com
Andrew Gutierrez,32,Taylorbury,jillian07@example.com
Joshua Gross,54,Hallland,cynthiabailey@example.com
Ronald Ware,27,Sullivanshire,nichole44@example.org
Roberto Thomas,26,Michaelbury,dhart@example.com
John Phillips,24,Pamelaland,hubbardshannon@example.com
Michael Brooks,36,North Caitlin,douglasmcintosh@example.com
Christina Bryan,19,New Maryfort,roger73@example.org
